project;#commits;#authors;From;To;#stars;#forks;LastGHCommitDate;LongestGapStart (YYYY-MM),;LongestGapEnd (YYYY-MM),;LongestGapLength;NumCommitsAfterLastGap;pattern;NumberOfGapsInTimeline;BeforeThemes;AfterThemes;HypothesizedGapReason;HasRecovered;WhyRecovered;WhoRecovered;Currentstatus;RecentThemes;notes
lfpy_lfpy;2316;38;1308649102;1762947074;93;48;2026/05/13;2024-05;2024-12;8;7;irregular;4;Feature Development and Bug Fixes;Bug Fixes and Feature Developmen;Possible a change in people working on it;has been updated recently;To update a variety of things within the code;Darshan Mandge and Espen Hagen;Active;Other (merge and bump version number);There was one main author before the gap then it switched after the gap
numenta_nupic;21642;556;1318109689;1671498852;6400;1500;2024/12/03;2021-04;2022-11;20;2;declining;3;Feature Development and Dependency Updates;Feature Development and Dependency Updates;There could have been a low development activity;yes, has received two recent updates;To update the code with the software asteval 0.9.1 to 0.923;pen4 and xiaokang;InActive;N/A;Just two recent commits after the long gap for updating asteval 0.9.1 to 0.923
sem-jl_sem.jl;2198;19;1576597701;1762369530;54;6;2026/08/13;2023-02;2023-05;4;11;irregular;2;Bug Fixes;Other (close issues and merge pull reguest);They fixed all ther bugs in that section of the code they were working on and now are starting to work on something new;yes has recovered;to work on other parts of the project;maximilian;Active;Feature Development and Other (merges);--
cardinalkit_cardinalkit;844;47;1567376949;1762019030;182;53;2025/11/15;2023-11;2024-10;12;1;declining;4;Feature Development and Dependency Updates;Bug Fixeds and Feature Development;May have been testing the software;yes has recovered;to fix bugs and add addotopma and to add features;Vishnu Ravi;Active;Bug Fixes and Other (merges);before the gap there was a lot of testing stuff added. After the gap there was a lot of bug fixing
annecori_epiestim;756;36;1446815396;1749629840;105;40;2026/07/20;2015-12;2016-05;6;20;irregular;11;Feature Development;Bug fixes and Documentation Updates;testing stuff or seeing how the programed worked;yes is has recovered;to fix the bug that were discovered;ElisabethDahlqwist and anne cori;Active;Bug Fixes and Feature Development;--
yulunzhang_rcan;43;7;1530634975;1744597513;1500;319;2025/04/01;2024-06;2025-03;10;5;irregular;9;Dependency Updates and Documentation Updates;Other (merge and upadate drive link);reduced development activity after the documation updates;yes;to do administrative changes;Yulun Zhang and dependabot;Inactive;N/A;--
hol137_jupyter-notebook-practice-physical-constants-ratios;107;4;1542880171;1734793229;0;0;2024/12/21;2018-12;2024-11;72;1;declining;1;Other (update jupyer notebook);Other (update jupyer notebook);came back to change one thing;No;N/A;N/A;Inactive;N/A;Only one update after gap
qupath_qupath;5354;54;1472394701;1762538018;1400;361;2026/09/23;2017-01;2017-07;7;5082;steady;2;Feature Development and Dependency Updates;Bug Fixes;Tested code or paused work before working on bug fixes;yes it has recovered;to fix bugs;Thomas Pengo, Olivier burri, and pete;Active;Bug Fixes and Other (merges);--
ceedee666_opensap_python_intro;739;8;1629441025;1740597559;5;1;2025/02/26;2022-11;2024-12;26;4;declining;2;Bug Fixes and Documentation Updates;Documentation updates;To see how the program worked;no;N/A;N/A;Inactive;N/A;--
deepmind_acme;1523;132;1589569078;1762067447;4100;533;2026/09/16;2024-02;2024-07;6;25;declining;2;Other (Merges and Added pytype);Bug Fixes and Documentation Updates;after the program was fixed gap to see how it worked;yes;to fix errors and contiue development;cnm13ryan, peter Hawkins, Parker Schuh, and Douglas Shane Davis;Active;Feature Development;--
